"diagnosis","n","Percentage"
"D500",294,43.4268833087149
"D508",67,9.89660265878877
"D509",316,46.6765140324963
