"Gender","n","Percentage"
"Nam",247,36.5384615384615
"Nữ",429,63.4615384615385
